<?xml version="1.0" encoding="UTF-8"?>
<beans xmlns="http://www.springframework.org/schema/beans"
       xmlns:context="http://www.springframework.org/schema/context"
       xmlns:xsi="http://www.w3.org/2001/XMLSchema-instance"
       xsi:schemaLocation="
        http://www.springframework.org/schema/beans
        http://www.springframework.org/schema/beans/spring-beans.xsd
        http://www.springframework.org/schema/context
        http://www.springframework.org/schema/context/spring-context.xsd">

    <!-- Hello Spring container scan this package and create bean of it-->
    <context:component-scan base-package="com.dao"/>
    <context:component-scan base-package="com.service"/>

    <bean id="cubickoJdbcTemplate" class="org.springframework.jdbc.core.JdbcTemplate">
      <property name="dataSource" ref="opdataSource"/>
    </bean>

    <bean id="opdataSource"
          class="org.springframework.jdbc.datasource.DriverManagerDataSource">
        <property name="driverClassName" value="com.mysql.jdbc.Driver" />
        <property name="url" value="jdbc:mysql://localhost:3306/cubicko" />
        <property name="username" value="root" />
        <property name="password" value="mysql@1234" />
    </bean>



</beans>